cohort,method,fold,auc
LAML,BPF (RF-fixed),0,0.7045
LAML,BPF (RF-fixed),1,0.7955
LAML,BPF (RF-fixed),2,0.6125
LAML,BPF (RF-fixed),3,0.4375
LAML,BPF (RF-fixed),4,0.5312
LAML,BPF (RF-fixed),5,0.733
LAML,BPF (RF-fixed),6,0.6875
LAML,BPF (RF-fixed),7,0.5687
LAML,BPF (RF-fixed),8,0.6688
LAML,BPF (RF-fixed),9,0.7187
LAML,BPF (RF-fixed),10,0.5852
LAML,BPF (RF-fixed),11,0.7273
LAML,BPF (RF-fixed),12,0.8187
LAML,BPF (RF-fixed),13,0.55
LAML,BPF (RF-fixed),14,0.475
LAML,BPF (RF-fixed),15,0.7898
LAML,BPF (RF-fixed),16,0.8011
LAML,BPF (RF-fixed),17,0.5625
LAML,BPF (RF-fixed),18,0.5562
LAML,BPF (RF-fixed),19,0.4688
LAML,BPF (RF-fixed),20,0.6307
LAML,BPF (RF-fixed),21,0.6307
LAML,BPF (RF-fixed),22,0.8125
LAML,BPF (RF-fixed),23,0.7188
LAML,BPF (RF-fixed),24,0.6438
LAML,LASSO (RF-fixed),0,0.5455
LAML,LASSO (RF-fixed),1,0.6591
LAML,LASSO (RF-fixed),2,0.5687
LAML,LASSO (RF-fixed),3,0.4688
LAML,LASSO (RF-fixed),4,0.375
LAML,LASSO (RF-fixed),5,0.6477
LAML,LASSO (RF-fixed),6,0.4489
LAML,LASSO (RF-fixed),7,0.6562
LAML,LASSO (RF-fixed),8,0.6313
LAML,LASSO (RF-fixed),9,0.7
LAML,LASSO (RF-fixed),10,0.5398
LAML,LASSO (RF-fixed),11,0.5227
LAML,LASSO (RF-fixed),12,0.5062
LAML,LASSO (RF-fixed),13,0.4812
LAML,LASSO (RF-fixed),14,0.475
LAML,LASSO (RF-fixed),15,0.7216
LAML,LASSO (RF-fixed),16,0.5682
LAML,LASSO (RF-fixed),17,0.5062
LAML,LASSO (RF-fixed),18,0.5375
LAML,LASSO (RF-fixed),19,0.5375
LAML,LASSO (RF-fixed),20,0.3352
LAML,LASSO (RF-fixed),21,0.483
LAML,LASSO (RF-fixed),22,0.4937
LAML,LASSO (RF-fixed),23,0.65
LAML,LASSO (RF-fixed),24,0.5563
LAML,ElasticNet (RF-fixed),0,0.5341
LAML,ElasticNet (RF-fixed),1,0.6591
LAML,ElasticNet (RF-fixed),2,0.6125
LAML,ElasticNet (RF-fixed),3,0.4125
LAML,ElasticNet (RF-fixed),4,0.3313
LAML,ElasticNet (RF-fixed),5,0.6761
LAML,ElasticNet (RF-fixed),6,0.5057
LAML,ElasticNet (RF-fixed),7,0.6312
LAML,ElasticNet (RF-fixed),8,0.625
LAML,ElasticNet (RF-fixed),9,0.7188
LAML,ElasticNet (RF-fixed),10,0.5966
LAML,ElasticNet (RF-fixed),11,0.5511
LAML,ElasticNet (RF-fixed),12,0.6187
LAML,ElasticNet (RF-fixed),13,0.3688
LAML,ElasticNet (RF-fixed),14,0.5437
LAML,ElasticNet (RF-fixed),15,0.6818
LAML,ElasticNet (RF-fixed),16,0.625
LAML,ElasticNet (RF-fixed),17,0.4813
LAML,ElasticNet (RF-fixed),18,0.5375
LAML,ElasticNet (RF-fixed),19,0.55
LAML,ElasticNet (RF-fixed),20,0.4034
LAML,ElasticNet (RF-fixed),21,0.5057
LAML,ElasticNet (RF-fixed),22,0.5938
LAML,ElasticNet (RF-fixed),23,0.6625
LAML,ElasticNet (RF-fixed),24,0.5875
LAML,RF_Importance (RF-fixed),0,0.733
LAML,RF_Importance (RF-fixed),1,0.75
LAML,RF_Importance (RF-fixed),2,0.625
LAML,RF_Importance (RF-fixed),3,0.4187
LAML,RF_Importance (RF-fixed),4,0.7875
LAML,RF_Importance (RF-fixed),5,0.733
LAML,RF_Importance (RF-fixed),6,0.733
LAML,RF_Importance (RF-fixed),7,0.5
LAML,RF_Importance (RF-fixed),8,0.6937
LAML,RF_Importance (RF-fixed),9,0.6375
LAML,RF_Importance (RF-fixed),10,0.6534
LAML,RF_Importance (RF-fixed),11,0.6364
LAML,RF_Importance (RF-fixed),12,0.8687
LAML,RF_Importance (RF-fixed),13,0.5938
LAML,RF_Importance (RF-fixed),14,0.5062
LAML,RF_Importance (RF-fixed),15,0.8523
LAML,RF_Importance (RF-fixed),16,0.7727
LAML,RF_Importance (RF-fixed),17,0.6312
LAML,RF_Importance (RF-fixed),18,0.6813
LAML,RF_Importance (RF-fixed),19,0.5312
LAML,RF_Importance (RF-fixed),20,0.6705
LAML,RF_Importance (RF-fixed),21,0.6648
LAML,RF_Importance (RF-fixed),22,0.7188
LAML,RF_Importance (RF-fixed),23,0.7562
LAML,RF_Importance (RF-fixed),24,0.6937
LAML,RF (native),0,0.6477
LAML,RF (native),1,0.8636
LAML,RF (native),2,0.6375
LAML,RF (native),3,0.5281
LAML,RF (native),4,0.6687
LAML,RF (native),5,0.8011
LAML,RF (native),6,0.7216
LAML,RF (native),7,0.65
LAML,RF (native),8,0.7188
LAML,RF (native),9,0.7562
LAML,RF (native),10,0.733
LAML,RF (native),11,0.7216
LAML,RF (native),12,0.7688
LAML,RF (native),13,0.6562
LAML,RF (native),14,0.4688
LAML,RF (native),15,0.7727
LAML,RF (native),16,0.8352
LAML,RF (native),17,0.5437
LAML,RF (native),18,0.725
LAML,RF (native),19,0.6375
LAML,RF (native),20,0.733
LAML,RF (native),21,0.6989
LAML,RF (native),22,0.675
LAML,RF (native),23,0.6937
LAML,RF (native),24,0.5875
OV,BPF (RF-fixed),0,0.7198
OV,BPF (RF-fixed),1,0.5546
OV,BPF (RF-fixed),2,0.6581
OV,BPF (RF-fixed),3,0.6427
OV,BPF (RF-fixed),4,0.5831
OV,BPF (RF-fixed),5,0.6272
OV,BPF (RF-fixed),6,0.673
OV,BPF (RF-fixed),7,0.5992
OV,BPF (RF-fixed),8,0.5153
OV,BPF (RF-fixed),9,0.5914
OV,BPF (RF-fixed),10,0.6003
OV,BPF (RF-fixed),11,0.5969
OV,BPF (RF-fixed),12,0.6324
OV,BPF (RF-fixed),13,0.5802
OV,BPF (RF-fixed),14,0.5761
OV,BPF (RF-fixed),15,0.5838
OV,BPF (RF-fixed),16,0.5912
OV,BPF (RF-fixed),17,0.4906
OV,BPF (RF-fixed),18,0.6167
OV,BPF (RF-fixed),19,0.6162
OV,BPF (RF-fixed),20,0.5197
OV,BPF (RF-fixed),21,0.5889
OV,BPF (RF-fixed),22,0.6535
OV,BPF (RF-fixed),23,0.635
OV,BPF (RF-fixed),24,0.5472
OV,LASSO (RF-fixed),0,0.5123
OV,LASSO (RF-fixed),1,0.5689
OV,LASSO (RF-fixed),2,0.4848
OV,LASSO (RF-fixed),3,0.5147
OV,LASSO (RF-fixed),4,0.5466
OV,LASSO (RF-fixed),5,0.6581
OV,LASSO (RF-fixed),6,0.534
OV,LASSO (RF-fixed),7,0.4974
OV,LASSO (RF-fixed),8,0.4941
OV,LASSO (RF-fixed),9,0.5183
OV,LASSO (RF-fixed),10,0.5357
OV,LASSO (RF-fixed),11,0.4803
OV,LASSO (RF-fixed),12,0.5597
OV,LASSO (RF-fixed),13,0.5808
OV,LASSO (RF-fixed),14,0.5879
OV,LASSO (RF-fixed),15,0.5357
OV,LASSO (RF-fixed),16,0.5369
OV,LASSO (RF-fixed),17,0.4254
OV,LASSO (RF-fixed),18,0.5902
OV,LASSO (RF-fixed),19,0.5041
OV,LASSO (RF-fixed),20,0.6312
OV,LASSO (RF-fixed),21,0.5174
OV,LASSO (RF-fixed),22,0.6072
OV,LASSO (RF-fixed),23,0.6097
OV,LASSO (RF-fixed),24,0.5366
OV,ElasticNet (RF-fixed),0,0.5111
OV,ElasticNet (RF-fixed),1,0.5455
OV,ElasticNet (RF-fixed),2,0.5009
OV,ElasticNet (RF-fixed),3,0.5525
OV,ElasticNet (RF-fixed),4,0.5696
OV,ElasticNet (RF-fixed),5,0.5752
OV,ElasticNet (RF-fixed),6,0.5003
OV,ElasticNet (RF-fixed),7,0.4643
OV,ElasticNet (RF-fixed),8,0.4858
OV,ElasticNet (RF-fixed),9,0.4929
OV,ElasticNet (RF-fixed),10,0.542
OV,ElasticNet (RF-fixed),11,0.4883
OV,ElasticNet (RF-fixed),12,0.4351
OV,ElasticNet (RF-fixed),13,0.5725
OV,ElasticNet (RF-fixed),14,0.5973
OV,ElasticNet (RF-fixed),15,0.4803
OV,ElasticNet (RF-fixed),16,0.5409
OV,ElasticNet (RF-fixed),17,0.4357
OV,ElasticNet (RF-fixed),18,0.6327
OV,ElasticNet (RF-fixed),19,0.4688
OV,ElasticNet (RF-fixed),20,0.5946
OV,ElasticNet (RF-fixed),21,0.586
OV,ElasticNet (RF-fixed),22,0.5923
OV,ElasticNet (RF-fixed),23,0.6215
OV,ElasticNet (RF-fixed),24,0.5006
OV,RF_Importance (RF-fixed),0,0.6632
OV,RF_Importance (RF-fixed),1,0.5672
OV,RF_Importance (RF-fixed),2,0.5392
OV,RF_Importance (RF-fixed),3,0.6504
OV,RF_Importance (RF-fixed),4,0.5613
OV,RF_Importance (RF-fixed),5,0.566
OV,RF_Importance (RF-fixed),6,0.6106
OV,RF_Importance (RF-fixed),7,0.6078
OV,RF_Importance (RF-fixed),8,0.4599
OV,RF_Importance (RF-fixed),9,0.5442
OV,RF_Importance (RF-fixed),10,0.6312
OV,RF_Importance (RF-fixed),11,0.5506
OV,RF_Importance (RF-fixed),12,0.6724
OV,RF_Importance (RF-fixed),13,0.5696
OV,RF_Importance (RF-fixed),14,0.5584
OV,RF_Importance (RF-fixed),15,0.5632
OV,RF_Importance (RF-fixed),16,0.5397
OV,RF_Importance (RF-fixed),17,0.4991
OV,RF_Importance (RF-fixed),18,0.6504
OV,RF_Importance (RF-fixed),19,0.5702
OV,RF_Importance (RF-fixed),20,0.502
OV,RF_Importance (RF-fixed),21,0.6289
OV,RF_Importance (RF-fixed),22,0.6604
OV,RF_Importance (RF-fixed),23,0.5059
OV,RF_Importance (RF-fixed),24,0.4965
OV,RF (native),0,0.5946
OV,RF (native),1,0.498
OV,RF (native),2,0.5883
OV,RF (native),3,0.6692
OV,RF (native),4,0.605
OV,RF (native),5,0.6518
OV,RF (native),6,0.6238
OV,RF (native),7,0.5552
OV,RF (native),8,0.4782
OV,RF (native),9,0.5596
OV,RF (native),10,0.6415
OV,RF (native),11,0.6346
OV,RF (native),12,0.6341
OV,RF (native),13,0.6114
OV,RF (native),14,0.5354
OV,RF (native),15,0.4746
OV,RF (native),16,0.5609
OV,RF (native),17,0.4808
OV,RF (native),18,0.5737
OV,RF (native),19,0.5684
OV,RF (native),20,0.6015
OV,RF (native),21,0.558
OV,RF (native),22,0.5592
OV,RF (native),23,0.6427
OV,RF (native),24,0.5083
GBM,BPF (RF-fixed),0,0.5503
GBM,BPF (RF-fixed),1,0.4392
GBM,BPF (RF-fixed),2,0.2963
GBM,BPF (RF-fixed),3,0.3386
GBM,BPF (RF-fixed),4,0.3889
GBM,BPF (RF-fixed),5,0.545
GBM,BPF (RF-fixed),6,0.455
GBM,BPF (RF-fixed),7,0.6455
GBM,BPF (RF-fixed),8,0.4762
GBM,BPF (RF-fixed),9,0.3765
GBM,BPF (RF-fixed),10,0.2328
GBM,BPF (RF-fixed),11,0.5238
GBM,BPF (RF-fixed),12,0.6349
GBM,BPF (RF-fixed),13,0.5503
GBM,BPF (RF-fixed),14,0.6296
GBM,BPF (RF-fixed),15,0.455
GBM,BPF (RF-fixed),16,0.5556
GBM,BPF (RF-fixed),17,0.2354
GBM,BPF (RF-fixed),18,0.5714
GBM,BPF (RF-fixed),19,0.4383
GBM,BPF (RF-fixed),20,0.4762
GBM,BPF (RF-fixed),21,0.6508
GBM,BPF (RF-fixed),22,0.381
GBM,BPF (RF-fixed),23,0.6667
GBM,BPF (RF-fixed),24,0.4383
GBM,LASSO (RF-fixed),0,0.6032
GBM,LASSO (RF-fixed),1,0.5079
GBM,LASSO (RF-fixed),2,0.5556
GBM,LASSO (RF-fixed),3,0.4233
GBM,LASSO (RF-fixed),4,0.2099
GBM,LASSO (RF-fixed),5,0.455
GBM,LASSO (RF-fixed),6,0.4868
GBM,LASSO (RF-fixed),7,0.6032
GBM,LASSO (RF-fixed),8,0.3333
GBM,LASSO (RF-fixed),9,0.4568
GBM,LASSO (RF-fixed),10,0.2275
GBM,LASSO (RF-fixed),11,0.5873
GBM,LASSO (RF-fixed),12,0.4603
GBM,LASSO (RF-fixed),13,0.5608
GBM,LASSO (RF-fixed),14,0.5494
GBM,LASSO (RF-fixed),15,0.3968
GBM,LASSO (RF-fixed),16,0.2169
GBM,LASSO (RF-fixed),17,0.5397
GBM,LASSO (RF-fixed),18,0.4815
GBM,LASSO (RF-fixed),19,0.5432
GBM,LASSO (RF-fixed),20,0.3439
GBM,LASSO (RF-fixed),21,0.6614
GBM,LASSO (RF-fixed),22,0.4762
GBM,LASSO (RF-fixed),23,0.6825
GBM,LASSO (RF-fixed),24,0.4753
GBM,ElasticNet (RF-fixed),0,0.5503
GBM,ElasticNet (RF-fixed),1,0.5079
GBM,ElasticNet (RF-fixed),2,0.4339
GBM,ElasticNet (RF-fixed),3,0.4444
GBM,ElasticNet (RF-fixed),4,0.3025
GBM,ElasticNet (RF-fixed),5,0.4921
GBM,ElasticNet (RF-fixed),6,0.4286
GBM,ElasticNet (RF-fixed),7,0.545
GBM,ElasticNet (RF-fixed),8,0.4603
GBM,ElasticNet (RF-fixed),9,0.4753
GBM,ElasticNet (RF-fixed),10,0.3333
GBM,ElasticNet (RF-fixed),11,0.4974
GBM,ElasticNet (RF-fixed),12,0.5926
GBM,ElasticNet (RF-fixed),13,0.5185
GBM,ElasticNet (RF-fixed),14,0.5062
GBM,ElasticNet (RF-fixed),15,0.4974
GBM,ElasticNet (RF-fixed),16,0.2804
GBM,ElasticNet (RF-fixed),17,0.3016
GBM,ElasticNet (RF-fixed),18,0.4392
GBM,ElasticNet (RF-fixed),19,0.5864
GBM,ElasticNet (RF-fixed),20,0.3175
GBM,ElasticNet (RF-fixed),21,0.6614
GBM,ElasticNet (RF-fixed),22,0.5291
GBM,ElasticNet (RF-fixed),23,0.5661
GBM,ElasticNet (RF-fixed),24,0.5
GBM,RF_Importance (RF-fixed),0,0.5714
GBM,RF_Importance (RF-fixed),1,0.7513
GBM,RF_Importance (RF-fixed),2,0.418
GBM,RF_Importance (RF-fixed),3,0.5767
GBM,RF_Importance (RF-fixed),4,0.4444
GBM,RF_Importance (RF-fixed),5,0.4497
GBM,RF_Importance (RF-fixed),6,0.5397
GBM,RF_Importance (RF-fixed),7,0.5291
GBM,RF_Importance (RF-fixed),8,0.5873
GBM,RF_Importance (RF-fixed),9,0.4259
GBM,RF_Importance (RF-fixed),10,0.5132
GBM,RF_Importance (RF-fixed),11,0.5238
GBM,RF_Importance (RF-fixed),12,0.6614
GBM,RF_Importance (RF-fixed),13,0.5661
GBM,RF_Importance (RF-fixed),14,0.5062
GBM,RF_Importance (RF-fixed),15,0.6138
GBM,RF_Importance (RF-fixed),16,0.254
GBM,RF_Importance (RF-fixed),17,0.4127
GBM,RF_Importance (RF-fixed),18,0.6085
GBM,RF_Importance (RF-fixed),19,0.537
GBM,RF_Importance (RF-fixed),20,0.4974
GBM,RF_Importance (RF-fixed),21,0.7513
GBM,RF_Importance (RF-fixed),22,0.3862
GBM,RF_Importance (RF-fixed),23,0.5979
GBM,RF_Importance (RF-fixed),24,0.6049
GBM,RF (native),0,0.5397
GBM,RF (native),1,0.4868
GBM,RF (native),2,0.4286
GBM,RF (native),3,0.6984
GBM,RF (native),4,0.4815
GBM,RF (native),5,0.5661
GBM,RF (native),6,0.4656
GBM,RF (native),7,0.6878
GBM,RF (native),8,0.6455
GBM,RF (native),9,0.3765
GBM,RF (native),10,0.4286
GBM,RF (native),11,0.4815
GBM,RF (native),12,0.7037
GBM,RF (native),13,0.6349
GBM,RF (native),14,0.5062
GBM,RF (native),15,0.6455
GBM,RF (native),16,0.3651
GBM,RF (native),17,0.3968
GBM,RF (native),18,0.5503
GBM,RF (native),19,0.5679
GBM,RF (native),20,0.5556
GBM,RF (native),21,0.8201
GBM,RF (native),22,0.455
GBM,RF (native),23,0.6032
GBM,RF (native),24,0.4753
COAD,BPF (RF-fixed),0,0.5461
COAD,BPF (RF-fixed),1,0.3666
COAD,BPF (RF-fixed),2,0.5574
COAD,BPF (RF-fixed),3,0.5564
COAD,BPF (RF-fixed),4,0.6535
COAD,BPF (RF-fixed),5,0.4862
COAD,BPF (RF-fixed),6,0.5939
COAD,BPF (RF-fixed),7,0.555
COAD,BPF (RF-fixed),8,0.7419
COAD,BPF (RF-fixed),9,0.5796
COAD,BPF (RF-fixed),10,0.6603
COAD,BPF (RF-fixed),11,0.5179
COAD,BPF (RF-fixed),12,0.6142
COAD,BPF (RF-fixed),13,0.5827
COAD,BPF (RF-fixed),14,0.5213
COAD,BPF (RF-fixed),15,0.689
COAD,BPF (RF-fixed),16,0.7159
COAD,BPF (RF-fixed),17,0.5449
COAD,BPF (RF-fixed),18,0.5075
COAD,BPF (RF-fixed),19,0.6021
COAD,BPF (RF-fixed),20,0.6663
COAD,BPF (RF-fixed),21,0.5185
COAD,BPF (RF-fixed),22,0.5126
COAD,BPF (RF-fixed),23,0.6128
COAD,BPF (RF-fixed),24,0.6366
COAD,LASSO (RF-fixed),0,0.6531
COAD,LASSO (RF-fixed),1,0.5185
COAD,LASSO (RF-fixed),2,0.625
COAD,LASSO (RF-fixed),3,0.6241
COAD,LASSO (RF-fixed),4,0.74
COAD,LASSO (RF-fixed),5,0.5813
COAD,LASSO (RF-fixed),6,0.5795
COAD,LASSO (RF-fixed),7,0.5879
COAD,LASSO (RF-fixed),8,0.7487
COAD,LASSO (RF-fixed),9,0.7243
COAD,LASSO (RF-fixed),10,0.6453
COAD,LASSO (RF-fixed),11,0.6394
COAD,LASSO (RF-fixed),12,0.6298
COAD,LASSO (RF-fixed),13,0.5996
COAD,LASSO (RF-fixed),14,0.6128
COAD,LASSO (RF-fixed),15,0.6902
COAD,LASSO (RF-fixed),16,0.7416
COAD,LASSO (RF-fixed),17,0.6005
COAD,LASSO (RF-fixed),18,0.5733
COAD,LASSO (RF-fixed),19,0.6748
COAD,LASSO (RF-fixed),20,0.567
COAD,LASSO (RF-fixed),21,0.6884
COAD,LASSO (RF-fixed),22,0.5993
COAD,LASSO (RF-fixed),23,0.7099
COAD,LASSO (RF-fixed),24,0.6654
COAD,ElasticNet (RF-fixed),0,0.6519
COAD,ElasticNet (RF-fixed),1,0.5676
COAD,ElasticNet (RF-fixed),2,0.6364
COAD,ElasticNet (RF-fixed),3,0.5652
COAD,ElasticNet (RF-fixed),4,0.7826
COAD,ElasticNet (RF-fixed),5,0.6166
COAD,ElasticNet (RF-fixed),6,0.5718
COAD,ElasticNet (RF-fixed),7,0.6178
COAD,ElasticNet (RF-fixed),8,0.7368
COAD,ElasticNet (RF-fixed),9,0.6548
COAD,ElasticNet (RF-fixed),10,0.7004
COAD,ElasticNet (RF-fixed),11,0.6812
COAD,ElasticNet (RF-fixed),12,0.61
COAD,ElasticNet (RF-fixed),13,0.6316
COAD,ElasticNet (RF-fixed),14,0.5846
COAD,ElasticNet (RF-fixed),15,0.6914
COAD,ElasticNet (RF-fixed),16,0.6758
COAD,ElasticNet (RF-fixed),17,0.6346
COAD,ElasticNet (RF-fixed),18,0.6172
COAD,ElasticNet (RF-fixed),19,0.6447
COAD,ElasticNet (RF-fixed),20,0.5849
COAD,ElasticNet (RF-fixed),21,0.6561
COAD,ElasticNet (RF-fixed),22,0.631
COAD,ElasticNet (RF-fixed),23,0.7174
COAD,ElasticNet (RF-fixed),24,0.6811
COAD,RF_Importance (RF-fixed),0,0.5879
COAD,RF_Importance (RF-fixed),1,0.387
COAD,RF_Importance (RF-fixed),2,0.5622
COAD,RF_Importance (RF-fixed),3,0.6322
COAD,RF_Importance (RF-fixed),4,0.6028
COAD,RF_Importance (RF-fixed),5,0.5526
COAD,RF_Importance (RF-fixed),6,0.6746
COAD,RF_Importance (RF-fixed),7,0.6717
COAD,RF_Importance (RF-fixed),8,0.6892
COAD,RF_Importance (RF-fixed),9,0.6109
COAD,RF_Importance (RF-fixed),10,0.7267
COAD,RF_Importance (RF-fixed),11,0.5724
COAD,RF_Importance (RF-fixed),12,0.6776
COAD,RF_Importance (RF-fixed),13,0.6272
COAD,RF_Importance (RF-fixed),14,0.5501
COAD,RF_Importance (RF-fixed),15,0.6555
COAD,RF_Importance (RF-fixed),16,0.5688
COAD,RF_Importance (RF-fixed),17,0.5748
COAD,RF_Importance (RF-fixed),18,0.5445
COAD,RF_Importance (RF-fixed),19,0.6861
COAD,RF_Importance (RF-fixed),20,0.6465
COAD,RF_Importance (RF-fixed),21,0.6065
COAD,RF_Importance (RF-fixed),22,0.5467
COAD,RF_Importance (RF-fixed),23,0.6378
COAD,RF_Importance (RF-fixed),24,0.6065
COAD,RF (native),0,0.6459
COAD,RF (native),1,0.3445
COAD,RF (native),2,0.6238
COAD,RF (native),3,0.619
COAD,RF (native),4,0.5495
COAD,RF (native),5,0.491
COAD,RF (native),6,0.6417
COAD,RF (native),7,0.6017
COAD,RF (native),8,0.6184
COAD,RF (native),9,0.5608
COAD,RF (native),10,0.6854
COAD,RF (native),11,0.5706
COAD,RF (native),12,0.6352
COAD,RF (native),13,0.5764
COAD,RF (native),14,0.5827
COAD,RF (native),15,0.7231
COAD,RF (native),16,0.6507
COAD,RF (native),17,0.555
COAD,RF (native),18,0.5132
COAD,RF (native),19,0.589
COAD,RF (native),20,0.5831
COAD,RF (native),21,0.6017
COAD,RF (native),22,0.5006
COAD,RF (native),23,0.6084
COAD,RF (native),24,0.6209
HNSC,BPF (RF-fixed),0,0.655
HNSC,BPF (RF-fixed),1,0.6856
HNSC,BPF (RF-fixed),2,0.6565
HNSC,BPF (RF-fixed),3,0.5639
HNSC,BPF (RF-fixed),4,0.7239
HNSC,BPF (RF-fixed),5,0.6173
HNSC,BPF (RF-fixed),6,0.6471
HNSC,BPF (RF-fixed),7,0.6654
HNSC,BPF (RF-fixed),8,0.5939
HNSC,BPF (RF-fixed),9,0.6904
HNSC,BPF (RF-fixed),10,0.5955
HNSC,BPF (RF-fixed),11,0.6439
HNSC,BPF (RF-fixed),12,0.6278
HNSC,BPF (RF-fixed),13,0.7011
HNSC,BPF (RF-fixed),14,0.6192
HNSC,BPF (RF-fixed),15,0.6445
HNSC,BPF (RF-fixed),16,0.6923
HNSC,BPF (RF-fixed),17,0.6018
HNSC,BPF (RF-fixed),18,0.7005
HNSC,BPF (RF-fixed),19,0.6376
HNSC,BPF (RF-fixed),20,0.6129
HNSC,BPF (RF-fixed),21,0.6679
HNSC,BPF (RF-fixed),22,0.6312
HNSC,BPF (RF-fixed),23,0.6439
HNSC,BPF (RF-fixed),24,0.6648
HNSC,LASSO (RF-fixed),0,0.6012
HNSC,LASSO (RF-fixed),1,0.5886
HNSC,LASSO (RF-fixed),2,0.5857
HNSC,LASSO (RF-fixed),3,0.5898
HNSC,LASSO (RF-fixed),4,0.7005
HNSC,LASSO (RF-fixed),5,0.5882
HNSC,LASSO (RF-fixed),6,0.6069
HNSC,LASSO (RF-fixed),7,0.5923
HNSC,LASSO (RF-fixed),8,0.5794
HNSC,LASSO (RF-fixed),9,0.723
HNSC,LASSO (RF-fixed),10,0.6176
HNSC,LASSO (RF-fixed),11,0.5297
HNSC,LASSO (RF-fixed),12,0.5436
HNSC,LASSO (RF-fixed),13,0.5285
HNSC,LASSO (RF-fixed),14,0.6281
HNSC,LASSO (RF-fixed),15,0.5623
HNSC,LASSO (RF-fixed),16,0.5952
HNSC,LASSO (RF-fixed),17,0.6006
HNSC,LASSO (RF-fixed),18,0.5528
HNSC,LASSO (RF-fixed),19,0.6148
HNSC,LASSO (RF-fixed),20,0.6243
HNSC,LASSO (RF-fixed),21,0.5765
HNSC,LASSO (RF-fixed),22,0.5721
HNSC,LASSO (RF-fixed),23,0.6297
HNSC,LASSO (RF-fixed),24,0.6853
HNSC,ElasticNet (RF-fixed),0,0.5534
HNSC,ElasticNet (RF-fixed),1,0.6464
HNSC,ElasticNet (RF-fixed),2,0.5455
HNSC,ElasticNet (RF-fixed),3,0.5503
HNSC,ElasticNet (RF-fixed),4,0.6651
HNSC,ElasticNet (RF-fixed),5,0.5939
HNSC,ElasticNet (RF-fixed),6,0.6515
HNSC,ElasticNet (RF-fixed),7,0.6183
HNSC,ElasticNet (RF-fixed),8,0.6091
HNSC,ElasticNet (RF-fixed),9,0.7366
HNSC,ElasticNet (RF-fixed),10,0.629
HNSC,ElasticNet (RF-fixed),11,0.5923
HNSC,ElasticNet (RF-fixed),12,0.5968
HNSC,ElasticNet (RF-fixed),13,0.5667
HNSC,ElasticNet (RF-fixed),14,0.6433
HNSC,ElasticNet (RF-fixed),15,0.6101
HNSC,ElasticNet (RF-fixed),16,0.6607
HNSC,ElasticNet (RF-fixed),17,0.6097
HNSC,ElasticNet (RF-fixed),18,0.5101
HNSC,ElasticNet (RF-fixed),19,0.593
HNSC,ElasticNet (RF-fixed),20,0.6341
HNSC,ElasticNet (RF-fixed),21,0.5775
HNSC,ElasticNet (RF-fixed),22,0.543
HNSC,ElasticNet (RF-fixed),23,0.6822
HNSC,ElasticNet (RF-fixed),24,0.5882
HNSC,RF_Importance (RF-fixed),0,0.6006
HNSC,RF_Importance (RF-fixed),1,0.6072
HNSC,RF_Importance (RF-fixed),2,0.7018
HNSC,RF_Importance (RF-fixed),3,0.5952
HNSC,RF_Importance (RF-fixed),4,0.7211
HNSC,RF_Importance (RF-fixed),5,0.5838
HNSC,RF_Importance (RF-fixed),6,0.5942
HNSC,RF_Importance (RF-fixed),7,0.6426
HNSC,RF_Importance (RF-fixed),8,0.5958
HNSC,RF_Importance (RF-fixed),9,0.71
HNSC,RF_Importance (RF-fixed),10,0.6104
HNSC,RF_Importance (RF-fixed),11,0.6059
HNSC,RF_Importance (RF-fixed),12,0.6755
HNSC,RF_Importance (RF-fixed),13,0.6695
HNSC,RF_Importance (RF-fixed),14,0.6705
HNSC,RF_Importance (RF-fixed),15,0.6837
HNSC,RF_Importance (RF-fixed),16,0.6765
HNSC,RF_Importance (RF-fixed),17,0.6439
HNSC,RF_Importance (RF-fixed),18,0.6907
HNSC,RF_Importance (RF-fixed),19,0.5743
HNSC,RF_Importance (RF-fixed),20,0.6648
HNSC,RF_Importance (RF-fixed),21,0.649
HNSC,RF_Importance (RF-fixed),22,0.6003
HNSC,RF_Importance (RF-fixed),23,0.692
HNSC,RF_Importance (RF-fixed),24,0.6442
HNSC,RF (native),0,0.6319
HNSC,RF (native),1,0.6556
HNSC,RF (native),2,0.6913
HNSC,RF (native),3,0.612
HNSC,RF (native),4,0.7435
HNSC,RF (native),5,0.5822
HNSC,RF (native),6,0.6698
HNSC,RF (native),7,0.6898
HNSC,RF (native),8,0.6331
HNSC,RF (native),9,0.7141
HNSC,RF (native),10,0.6278
HNSC,RF (native),11,0.649
HNSC,RF (native),12,0.6445
HNSC,RF (native),13,0.6803
HNSC,RF (native),14,0.6376
HNSC,RF (native),15,0.6999
HNSC,RF (native),16,0.6673
HNSC,RF (native),17,0.5952
HNSC,RF (native),18,0.6847
HNSC,RF (native),19,0.6072
HNSC,RF (native),20,0.6638
HNSC,RF (native),21,0.6376
HNSC,RF (native),22,0.5923
HNSC,RF (native),23,0.6806
HNSC,RF (native),24,0.7299
LUSC,BPF (RF-fixed),0,0.6177
LUSC,BPF (RF-fixed),1,0.5639
LUSC,BPF (RF-fixed),2,0.5534
LUSC,BPF (RF-fixed),3,0.5478
LUSC,BPF (RF-fixed),4,0.5323
LUSC,BPF (RF-fixed),5,0.6146
LUSC,BPF (RF-fixed),6,0.6327
LUSC,BPF (RF-fixed),7,0.5748
LUSC,BPF (RF-fixed),8,0.585
LUSC,BPF (RF-fixed),9,0.4913
LUSC,BPF (RF-fixed),10,0.5976
LUSC,BPF (RF-fixed),11,0.5344
LUSC,BPF (RF-fixed),12,0.5935
LUSC,BPF (RF-fixed),13,0.5724
LUSC,BPF (RF-fixed),14,0.4736
LUSC,BPF (RF-fixed),15,0.6197
LUSC,BPF (RF-fixed),16,0.5395
LUSC,BPF (RF-fixed),17,0.5867
LUSC,BPF (RF-fixed),18,0.6035
LUSC,BPF (RF-fixed),19,0.5198
LUSC,BPF (RF-fixed),20,0.5925
LUSC,BPF (RF-fixed),21,0.5439
LUSC,BPF (RF-fixed),22,0.6279
LUSC,BPF (RF-fixed),23,0.5864
LUSC,BPF (RF-fixed),24,0.5896
LUSC,LASSO (RF-fixed),0,0.5986
LUSC,LASSO (RF-fixed),1,0.5418
LUSC,LASSO (RF-fixed),2,0.5218
LUSC,LASSO (RF-fixed),3,0.5137
LUSC,LASSO (RF-fixed),4,0.5118
LUSC,LASSO (RF-fixed),5,0.5844
LUSC,LASSO (RF-fixed),6,0.6282
LUSC,LASSO (RF-fixed),7,0.5969
LUSC,LASSO (RF-fixed),8,0.5072
LUSC,LASSO (RF-fixed),9,0.5319
LUSC,LASSO (RF-fixed),10,0.618
LUSC,LASSO (RF-fixed),11,0.5915
LUSC,LASSO (RF-fixed),12,0.4435
LUSC,LASSO (RF-fixed),13,0.5943
LUSC,LASSO (RF-fixed),14,0.5361
LUSC,LASSO (RF-fixed),15,0.6017
LUSC,LASSO (RF-fixed),16,0.5327
LUSC,LASSO (RF-fixed),17,0.5912
LUSC,LASSO (RF-fixed),18,0.5587
LUSC,LASSO (RF-fixed),19,0.5632
LUSC,LASSO (RF-fixed),20,0.5364
LUSC,LASSO (RF-fixed),21,0.5228
LUSC,LASSO (RF-fixed),22,0.4888
LUSC,LASSO (RF-fixed),23,0.5779
LUSC,LASSO (RF-fixed),24,0.5059
LUSC,ElasticNet (RF-fixed),0,0.5888
LUSC,ElasticNet (RF-fixed),1,0.5541
LUSC,ElasticNet (RF-fixed),2,0.4922
LUSC,ElasticNet (RF-fixed),3,0.5051
LUSC,ElasticNet (RF-fixed),4,0.5875
LUSC,ElasticNet (RF-fixed),5,0.535
LUSC,ElasticNet (RF-fixed),6,0.652
LUSC,ElasticNet (RF-fixed),7,0.6207
LUSC,ElasticNet (RF-fixed),8,0.5287
LUSC,ElasticNet (RF-fixed),9,0.5865
LUSC,ElasticNet (RF-fixed),10,0.6116
LUSC,ElasticNet (RF-fixed),11,0.5925
LUSC,ElasticNet (RF-fixed),12,0.4711
LUSC,ElasticNet (RF-fixed),13,0.612
LUSC,ElasticNet (RF-fixed),14,0.574
LUSC,ElasticNet (RF-fixed),15,0.5803
LUSC,ElasticNet (RF-fixed),16,0.5602
LUSC,ElasticNet (RF-fixed),17,0.5776
LUSC,ElasticNet (RF-fixed),18,0.54
LUSC,ElasticNet (RF-fixed),19,0.5188
LUSC,ElasticNet (RF-fixed),20,0.6041
LUSC,ElasticNet (RF-fixed),21,0.566
LUSC,ElasticNet (RF-fixed),22,0.5041
LUSC,ElasticNet (RF-fixed),23,0.5328
LUSC,ElasticNet (RF-fixed),24,0.5212
LUSC,RF_Importance (RF-fixed),0,0.584
LUSC,RF_Importance (RF-fixed),1,0.6231
LUSC,RF_Importance (RF-fixed),2,0.5415
LUSC,RF_Importance (RF-fixed),3,0.5738
LUSC,RF_Importance (RF-fixed),4,0.5455
LUSC,RF_Importance (RF-fixed),5,0.6082
LUSC,RF_Importance (RF-fixed),6,0.5558
LUSC,RF_Importance (RF-fixed),7,0.5571
LUSC,RF_Importance (RF-fixed),8,0.5417
LUSC,RF_Importance (RF-fixed),9,0.6382
LUSC,RF_Importance (RF-fixed),10,0.6265
LUSC,RF_Importance (RF-fixed),11,0.4922
LUSC,RF_Importance (RF-fixed),12,0.5769
LUSC,RF_Importance (RF-fixed),13,0.5581
LUSC,RF_Importance (RF-fixed),14,0.5462
LUSC,RF_Importance (RF-fixed),15,0.5925
LUSC,RF_Importance (RF-fixed),16,0.4956
LUSC,RF_Importance (RF-fixed),17,0.585
LUSC,RF_Importance (RF-fixed),18,0.5239
LUSC,RF_Importance (RF-fixed),19,0.449
LUSC,RF_Importance (RF-fixed),20,0.5497
LUSC,RF_Importance (RF-fixed),21,0.4769
LUSC,RF_Importance (RF-fixed),22,0.5939
LUSC,RF_Importance (RF-fixed),23,0.5697
LUSC,RF_Importance (RF-fixed),24,0.5545
LUSC,RF (native),0,0.6259
LUSC,RF (native),1,0.5568
LUSC,RF (native),2,0.549
LUSC,RF (native),3,0.5468
LUSC,RF (native),4,0.5434
LUSC,RF (native),5,0.6027
LUSC,RF (native),6,0.6153
LUSC,RF (native),7,0.5313
LUSC,RF (native),8,0.4768
LUSC,RF (native),9,0.5017
LUSC,RF (native),10,0.6014
LUSC,RF (native),11,0.5895
LUSC,RF (native),12,0.5588
LUSC,RF (native),13,0.5195
LUSC,RF (native),14,0.5361
LUSC,RF (native),15,0.5571
LUSC,RF (native),16,0.4847
LUSC,RF (native),17,0.6156
LUSC,RF (native),18,0.6189
LUSC,RF (native),19,0.4573
LUSC,RF (native),20,0.5442
LUSC,RF (native),21,0.5497
LUSC,RF (native),22,0.6139
LUSC,RF (native),23,0.5225
LUSC,RF (native),24,0.5587
SKCM,BPF (RF-fixed),0,0.644
SKCM,BPF (RF-fixed),1,0.6932
SKCM,BPF (RF-fixed),2,0.6799
SKCM,BPF (RF-fixed),3,0.6345
SKCM,BPF (RF-fixed),4,0.669
SKCM,BPF (RF-fixed),5,0.7494
SKCM,BPF (RF-fixed),6,0.6567
SKCM,BPF (RF-fixed),7,0.6903
SKCM,BPF (RF-fixed),8,0.7633
SKCM,BPF (RF-fixed),9,0.5611
SKCM,BPF (RF-fixed),10,0.6794
SKCM,BPF (RF-fixed),11,0.7017
SKCM,BPF (RF-fixed),12,0.4934
SKCM,BPF (RF-fixed),13,0.625
SKCM,BPF (RF-fixed),14,0.7353
SKCM,BPF (RF-fixed),15,0.5816
SKCM,BPF (RF-fixed),16,0.7292
SKCM,BPF (RF-fixed),17,0.5687
SKCM,BPF (RF-fixed),18,0.6813
SKCM,BPF (RF-fixed),19,0.6212
SKCM,BPF (RF-fixed),20,0.7215
SKCM,BPF (RF-fixed),21,0.7699
SKCM,BPF (RF-fixed),22,0.5952
SKCM,BPF (RF-fixed),23,0.6676
SKCM,BPF (RF-fixed),24,0.6207
SKCM,LASSO (RF-fixed),0,0.6284
SKCM,LASSO (RF-fixed),1,0.5838
SKCM,LASSO (RF-fixed),2,0.5526
SKCM,LASSO (RF-fixed),3,0.5653
SKCM,LASSO (RF-fixed),4,0.6155
SKCM,LASSO (RF-fixed),5,0.592
SKCM,LASSO (RF-fixed),6,0.6023
SKCM,LASSO (RF-fixed),7,0.7363
SKCM,LASSO (RF-fixed),8,0.6108
SKCM,LASSO (RF-fixed),9,0.6032
SKCM,LASSO (RF-fixed),10,0.7149
SKCM,LASSO (RF-fixed),11,0.6411
SKCM,LASSO (RF-fixed),12,0.5294
SKCM,LASSO (RF-fixed),13,0.6207
SKCM,LASSO (RF-fixed),14,0.7088
SKCM,LASSO (RF-fixed),15,0.6988
SKCM,LASSO (RF-fixed),16,0.5971
SKCM,LASSO (RF-fixed),17,0.6293
SKCM,LASSO (RF-fixed),18,0.6539
SKCM,LASSO (RF-fixed),19,0.482
SKCM,LASSO (RF-fixed),20,0.6837
SKCM,LASSO (RF-fixed),21,0.6525
SKCM,LASSO (RF-fixed),22,0.6345
SKCM,LASSO (RF-fixed),23,0.7064
SKCM,LASSO (RF-fixed),24,0.5369
SKCM,ElasticNet (RF-fixed),0,0.5948
SKCM,ElasticNet (RF-fixed),1,0.723
SKCM,ElasticNet (RF-fixed),2,0.5786
SKCM,ElasticNet (RF-fixed),3,0.5701
SKCM,ElasticNet (RF-fixed),4,0.6695
SKCM,ElasticNet (RF-fixed),5,0.5522
SKCM,ElasticNet (RF-fixed),6,0.5526
SKCM,ElasticNet (RF-fixed),7,0.6941
SKCM,ElasticNet (RF-fixed),8,0.6937
SKCM,ElasticNet (RF-fixed),9,0.589
SKCM,ElasticNet (RF-fixed),10,0.6842
SKCM,ElasticNet (RF-fixed),11,0.6378
SKCM,ElasticNet (RF-fixed),12,0.5488
SKCM,ElasticNet (RF-fixed),13,0.6274
SKCM,ElasticNet (RF-fixed),14,0.6823
SKCM,ElasticNet (RF-fixed),15,0.7073
SKCM,ElasticNet (RF-fixed),16,0.6373
SKCM,ElasticNet (RF-fixed),17,0.6198
SKCM,ElasticNet (RF-fixed),18,0.679
SKCM,ElasticNet (RF-fixed),19,0.5781
SKCM,ElasticNet (RF-fixed),20,0.6865
SKCM,ElasticNet (RF-fixed),21,0.7126
SKCM,ElasticNet (RF-fixed),22,0.6113
SKCM,ElasticNet (RF-fixed),23,0.6832
SKCM,ElasticNet (RF-fixed),24,0.5189
SKCM,RF_Importance (RF-fixed),0,0.6785
SKCM,RF_Importance (RF-fixed),1,0.7292
SKCM,RF_Importance (RF-fixed),2,0.5985
SKCM,RF_Importance (RF-fixed),3,0.6179
SKCM,RF_Importance (RF-fixed),4,0.6449
SKCM,RF_Importance (RF-fixed),5,0.6652
SKCM,RF_Importance (RF-fixed),6,0.6259
SKCM,RF_Importance (RF-fixed),7,0.6771
SKCM,RF_Importance (RF-fixed),8,0.6463
SKCM,RF_Importance (RF-fixed),9,0.5658
SKCM,RF_Importance (RF-fixed),10,0.7466
SKCM,RF_Importance (RF-fixed),11,0.6638
SKCM,RF_Importance (RF-fixed),12,0.6373
SKCM,RF_Importance (RF-fixed),13,0.6312
SKCM,RF_Importance (RF-fixed),14,0.7116
SKCM,RF_Importance (RF-fixed),15,0.5849
SKCM,RF_Importance (RF-fixed),16,0.6989
SKCM,RF_Importance (RF-fixed),17,0.6065
SKCM,RF_Importance (RF-fixed),18,0.6482
SKCM,RF_Importance (RF-fixed),19,0.5407
SKCM,RF_Importance (RF-fixed),20,0.7187
SKCM,RF_Importance (RF-fixed),21,0.6965
SKCM,RF_Importance (RF-fixed),22,0.6098
SKCM,RF_Importance (RF-fixed),23,0.6894
SKCM,RF_Importance (RF-fixed),24,0.6534
SKCM,RF (native),0,0.6619
SKCM,RF (native),1,0.7216
SKCM,RF (native),2,0.6435
SKCM,RF (native),3,0.6132
SKCM,RF (native),4,0.6392
SKCM,RF (native),5,0.7381
SKCM,RF (native),6,0.669
SKCM,RF (native),7,0.59
SKCM,RF (native),8,0.6946
SKCM,RF (native),9,0.5843
SKCM,RF (native),10,0.7262
SKCM,RF (native),11,0.6738
SKCM,RF (native),12,0.5814
SKCM,RF (native),13,0.5658
SKCM,RF (native),14,0.7093
SKCM,RF (native),15,0.5688
SKCM,RF (native),16,0.7126
SKCM,RF (native),17,0.5971
SKCM,RF (native),18,0.6851
SKCM,RF (native),19,0.5256
SKCM,RF (native),20,0.7078
SKCM,RF (native),21,0.723
SKCM,RF (native),22,0.6482
SKCM,RF (native),23,0.6922
SKCM,RF (native),24,0.598
LIHC,BPF (RF-fixed),0,0.6209
LIHC,BPF (RF-fixed),1,0.6845
LIHC,BPF (RF-fixed),2,0.7392
LIHC,BPF (RF-fixed),3,0.5267
LIHC,BPF (RF-fixed),4,0.7549
LIHC,BPF (RF-fixed),5,0.6179
LIHC,BPF (RF-fixed),6,0.6679
LIHC,BPF (RF-fixed),7,0.5716
LIHC,BPF (RF-fixed),8,0.6309
LIHC,BPF (RF-fixed),9,0.7034
LIHC,BPF (RF-fixed),10,0.6613
LIHC,BPF (RF-fixed),11,0.6126
LIHC,BPF (RF-fixed),12,0.6025
LIHC,BPF (RF-fixed),13,0.7388
LIHC,BPF (RF-fixed),14,0.7089
LIHC,BPF (RF-fixed),15,0.6613
LIHC,BPF (RF-fixed),16,0.8081
LIHC,BPF (RF-fixed),17,0.6595
LIHC,BPF (RF-fixed),18,0.7067
LIHC,BPF (RF-fixed),19,0.6893
LIHC,BPF (RF-fixed),20,0.6774
LIHC,BPF (RF-fixed),21,0.6827
LIHC,BPF (RF-fixed),22,0.6477
LIHC,BPF (RF-fixed),23,0.637
LIHC,BPF (RF-fixed),24,0.7102
LIHC,LASSO (RF-fixed),0,0.7766
LIHC,LASSO (RF-fixed),1,0.6132
LIHC,LASSO (RF-fixed),2,0.6482
LIHC,LASSO (RF-fixed),3,0.6018
LIHC,LASSO (RF-fixed),4,0.5974
LIHC,LASSO (RF-fixed),5,0.6482
LIHC,LASSO (RF-fixed),6,0.6797
LIHC,LASSO (RF-fixed),7,0.6061
LIHC,LASSO (RF-fixed),8,0.6382
LIHC,LASSO (RF-fixed),9,0.6716
LIHC,LASSO (RF-fixed),10,0.6667
LIHC,LASSO (RF-fixed),11,0.533
LIHC,LASSO (RF-fixed),12,0.4955
LIHC,LASSO (RF-fixed),13,0.777
LIHC,LASSO (RF-fixed),14,0.6415
LIHC,LASSO (RF-fixed),15,0.6352
LIHC,LASSO (RF-fixed),16,0.6536
LIHC,LASSO (RF-fixed),17,0.6465
LIHC,LASSO (RF-fixed),18,0.697
LIHC,LASSO (RF-fixed),19,0.6477
LIHC,LASSO (RF-fixed),20,0.6744
LIHC,LASSO (RF-fixed),21,0.6197
LIHC,LASSO (RF-fixed),22,0.6221
LIHC,LASSO (RF-fixed),23,0.6806
LIHC,LASSO (RF-fixed),24,0.6409
LIHC,ElasticNet (RF-fixed),0,0.71
LIHC,ElasticNet (RF-fixed),1,0.6417
LIHC,ElasticNet (RF-fixed),2,0.7279
LIHC,ElasticNet (RF-fixed),3,0.5855
LIHC,ElasticNet (RF-fixed),4,0.5895
LIHC,ElasticNet (RF-fixed),5,0.6197
LIHC,ElasticNet (RF-fixed),6,0.5995
LIHC,ElasticNet (RF-fixed),7,0.6179
LIHC,ElasticNet (RF-fixed),8,0.6388
LIHC,ElasticNet (RF-fixed),9,0.6556
LIHC,ElasticNet (RF-fixed),10,0.6708
LIHC,ElasticNet (RF-fixed),11,0.5906
LIHC,ElasticNet (RF-fixed),12,0.5288
LIHC,ElasticNet (RF-fixed),13,0.7885
LIHC,ElasticNet (RF-fixed),14,0.6189
LIHC,ElasticNet (RF-fixed),15,0.6667
LIHC,ElasticNet (RF-fixed),16,0.6714
LIHC,ElasticNet (RF-fixed),17,0.6477
LIHC,ElasticNet (RF-fixed),18,0.7285
LIHC,ElasticNet (RF-fixed),19,0.693
LIHC,ElasticNet (RF-fixed),20,0.6637
LIHC,ElasticNet (RF-fixed),21,0.6619
LIHC,ElasticNet (RF-fixed),22,0.6459
LIHC,ElasticNet (RF-fixed),23,0.6691
LIHC,ElasticNet (RF-fixed),24,0.777
LIHC,RF_Importance (RF-fixed),0,0.6952
LIHC,RF_Importance (RF-fixed),1,0.5847
LIHC,RF_Importance (RF-fixed),2,0.7493
LIHC,RF_Importance (RF-fixed),3,0.5352
LIHC,RF_Importance (RF-fixed),4,0.685
LIHC,RF_Importance (RF-fixed),5,0.5657
LIHC,RF_Importance (RF-fixed),6,0.7118
LIHC,RF_Importance (RF-fixed),7,0.6352
LIHC,RF_Importance (RF-fixed),8,0.6158
LIHC,RF_Importance (RF-fixed),9,0.6936
LIHC,RF_Importance (RF-fixed),10,0.6619
LIHC,RF_Importance (RF-fixed),11,0.6435
LIHC,RF_Importance (RF-fixed),12,0.596
LIHC,RF_Importance (RF-fixed),13,0.7364
LIHC,RF_Importance (RF-fixed),14,0.7089
LIHC,RF_Importance (RF-fixed),15,0.7053
LIHC,RF_Importance (RF-fixed),16,0.7683
LIHC,RF_Importance (RF-fixed),17,0.5573
LIHC,RF_Importance (RF-fixed),18,0.6752
LIHC,RF_Importance (RF-fixed),19,0.6844
LIHC,RF_Importance (RF-fixed),20,0.7041
LIHC,RF_Importance (RF-fixed),21,0.7112
LIHC,RF_Importance (RF-fixed),22,0.6898
LIHC,RF_Importance (RF-fixed),23,0.6564
LIHC,RF_Importance (RF-fixed),24,0.6893
LIHC,RF (native),0,0.6643
LIHC,RF (native),1,0.6328
LIHC,RF (native),2,0.7273
LIHC,RF (native),3,0.5055
LIHC,RF (native),4,0.7138
LIHC,RF (native),5,0.5419
LIHC,RF (native),6,0.6381
LIHC,RF (native),7,0.6631
LIHC,RF (native),8,0.6406
LIHC,RF (native),9,0.6581
LIHC,RF (native),10,0.6025
LIHC,RF (native),11,0.5912
LIHC,RF (native),12,0.6126
LIHC,RF (native),13,0.7224
LIHC,RF (native),14,0.6869
LIHC,RF (native),15,0.691
LIHC,RF (native),16,0.6863
LIHC,RF (native),17,0.5544
LIHC,RF (native),18,0.6182
LIHC,RF (native),19,0.6195
LIHC,RF (native),20,0.6631
LIHC,RF (native),21,0.6738
LIHC,RF (native),22,0.6506
LIHC,RF (native),23,0.6242
LIHC,RF (native),24,0.6305
LGG,BPF (RF-fixed),0,0.782
LGG,BPF (RF-fixed),1,0.8739
LGG,BPF (RF-fixed),2,0.797
LGG,BPF (RF-fixed),3,0.7079
LGG,BPF (RF-fixed),4,0.7482
LGG,BPF (RF-fixed),5,0.8279
LGG,BPF (RF-fixed),6,0.7164
LGG,BPF (RF-fixed),7,0.8565
LGG,BPF (RF-fixed),8,0.8153
LGG,BPF (RF-fixed),9,0.7189
LGG,BPF (RF-fixed),10,0.8448
LGG,BPF (RF-fixed),11,0.7182
LGG,BPF (RF-fixed),12,0.7825
LGG,BPF (RF-fixed),13,0.8143
LGG,BPF (RF-fixed),14,0.8356
LGG,BPF (RF-fixed),15,0.8153
LGG,BPF (RF-fixed),16,0.7225
LGG,BPF (RF-fixed),17,0.8401
LGG,BPF (RF-fixed),18,0.7886
LGG,BPF (RF-fixed),19,0.81
LGG,BPF (RF-fixed),20,0.8214
LGG,BPF (RF-fixed),21,0.7965
LGG,BPF (RF-fixed),22,0.7768
LGG,BPF (RF-fixed),23,0.7731
LGG,BPF (RF-fixed),24,0.821
LGG,LASSO (RF-fixed),0,0.7384
LGG,LASSO (RF-fixed),1,0.8397
LGG,LASSO (RF-fixed),2,0.7651
LGG,LASSO (RF-fixed),3,0.7553
LGG,LASSO (RF-fixed),4,0.7674
LGG,LASSO (RF-fixed),5,0.8083
LGG,LASSO (RF-fixed),6,0.7801
LGG,LASSO (RF-fixed),7,0.7815
LGG,LASSO (RF-fixed),8,0.7665
LGG,LASSO (RF-fixed),9,0.6813
LGG,LASSO (RF-fixed),10,0.8847
LGG,LASSO (RF-fixed),11,0.7407
LGG,LASSO (RF-fixed),12,0.7192
LGG,LASSO (RF-fixed),13,0.8111
LGG,LASSO (RF-fixed),14,0.8187
LGG,LASSO (RF-fixed),15,0.7867
LGG,LASSO (RF-fixed),16,0.6231
LGG,LASSO (RF-fixed),17,0.8322
LGG,LASSO (RF-fixed),18,0.7872
LGG,LASSO (RF-fixed),19,0.7308
LGG,LASSO (RF-fixed),20,0.8129
LGG,LASSO (RF-fixed),21,0.6564
LGG,LASSO (RF-fixed),22,0.8134
LGG,LASSO (RF-fixed),23,0.7042
LGG,LASSO (RF-fixed),24,0.7445
LGG,ElasticNet (RF-fixed),0,0.782
LGG,ElasticNet (RF-fixed),1,0.8673
LGG,ElasticNet (RF-fixed),2,0.7722
LGG,ElasticNet (RF-fixed),3,0.7651
LGG,ElasticNet (RF-fixed),4,0.7715
LGG,ElasticNet (RF-fixed),5,0.8195
LGG,ElasticNet (RF-fixed),6,0.775
LGG,ElasticNet (RF-fixed),7,0.7398
LGG,ElasticNet (RF-fixed),8,0.7787
LGG,ElasticNet (RF-fixed),9,0.7692
LGG,ElasticNet (RF-fixed),10,0.8176
LGG,ElasticNet (RF-fixed),11,0.7267
LGG,ElasticNet (RF-fixed),12,0.7581
LGG,ElasticNet (RF-fixed),13,0.8598
LGG,ElasticNet (RF-fixed),14,0.8603
LGG,ElasticNet (RF-fixed),15,0.8542
LGG,ElasticNet (RF-fixed),16,0.6896
LGG,ElasticNet (RF-fixed),17,0.8659
LGG,ElasticNet (RF-fixed),18,0.7998
LGG,ElasticNet (RF-fixed),19,0.7743
LGG,ElasticNet (RF-fixed),20,0.8293
LGG,ElasticNet (RF-fixed),21,0.8209
LGG,ElasticNet (RF-fixed),22,0.8247
LGG,ElasticNet (RF-fixed),23,0.7843
LGG,ElasticNet (RF-fixed),24,0.793
LGG,RF_Importance (RF-fixed),0,0.722
LGG,RF_Importance (RF-fixed),1,0.8805
LGG,RF_Importance (RF-fixed),2,0.8026
LGG,RF_Importance (RF-fixed),3,0.7032
LGG,RF_Importance (RF-fixed),4,0.6987
LGG,RF_Importance (RF-fixed),5,0.7618
LGG,RF_Importance (RF-fixed),6,0.7389
LGG,RF_Importance (RF-fixed),7,0.8425
LGG,RF_Importance (RF-fixed),8,0.7928
LGG,RF_Importance (RF-fixed),9,0.6758
LGG,RF_Importance (RF-fixed),10,0.8397
LGG,RF_Importance (RF-fixed),11,0.6934
LGG,RF_Importance (RF-fixed),12,0.7768
LGG,RF_Importance (RF-fixed),13,0.8092
LGG,RF_Importance (RF-fixed),14,0.7953
LGG,RF_Importance (RF-fixed),15,0.7989
LGG,RF_Importance (RF-fixed),16,0.6507
LGG,RF_Importance (RF-fixed),17,0.8439
LGG,RF_Importance (RF-fixed),18,0.782
LGG,RF_Importance (RF-fixed),19,0.739
LGG,RF_Importance (RF-fixed),20,0.8392
LGG,RF_Importance (RF-fixed),21,0.7379
LGG,RF_Importance (RF-fixed),22,0.7923
LGG,RF_Importance (RF-fixed),23,0.7656
LGG,RF_Importance (RF-fixed),24,0.7555
LGG,RF (native),0,0.7431
LGG,RF (native),1,0.8875
LGG,RF (native),2,0.7736
LGG,RF (native),3,0.6976
LGG,RF (native),4,0.7331
LGG,RF (native),5,0.7918
LGG,RF (native),6,0.759
LGG,RF (native),7,0.8415
LGG,RF (native),8,0.7811
LGG,RF (native),9,0.6676
LGG,RF (native),10,0.7942
LGG,RF (native),11,0.7089
LGG,RF (native),12,0.7511
LGG,RF (native),13,0.8261
LGG,RF (native),14,0.8077
LGG,RF (native),15,0.8195
LGG,RF (native),16,0.684
LGG,RF (native),17,0.8097
LGG,RF (native),18,0.7342
LGG,RF (native),19,0.745
LGG,RF (native),20,0.827
LGG,RF (native),21,0.7196
LGG,RF (native),22,0.7623
LGG,RF (native),23,0.7496
LGG,RF (native),24,0.794
UCEC,BPF (RF-fixed),0,0.6277
UCEC,BPF (RF-fixed),1,0.5812
UCEC,BPF (RF-fixed),2,0.7269
UCEC,BPF (RF-fixed),3,0.6211
UCEC,BPF (RF-fixed),4,0.6781
UCEC,BPF (RF-fixed),5,0.7075
UCEC,BPF (RF-fixed),6,0.5756
UCEC,BPF (RF-fixed),7,0.6914
UCEC,BPF (RF-fixed),8,0.5224
UCEC,BPF (RF-fixed),9,0.7019
UCEC,BPF (RF-fixed),10,0.4859
UCEC,BPF (RF-fixed),11,0.6366
UCEC,BPF (RF-fixed),12,0.8022
UCEC,BPF (RF-fixed),13,0.5812
UCEC,BPF (RF-fixed),14,0.5596
UCEC,BPF (RF-fixed),15,0.703
UCEC,BPF (RF-fixed),16,0.6222
UCEC,BPF (RF-fixed),17,0.6659
UCEC,BPF (RF-fixed),18,0.6886
UCEC,BPF (RF-fixed),19,0.5784
UCEC,BPF (RF-fixed),20,0.6443
UCEC,BPF (RF-fixed),21,0.636
UCEC,BPF (RF-fixed),22,0.5324
UCEC,BPF (RF-fixed),23,0.7086
UCEC,BPF (RF-fixed),24,0.6809
UCEC,LASSO (RF-fixed),0,0.6155
UCEC,LASSO (RF-fixed),1,0.5374
UCEC,LASSO (RF-fixed),2,0.6011
UCEC,LASSO (RF-fixed),3,0.6693
UCEC,LASSO (RF-fixed),4,0.5806
UCEC,LASSO (RF-fixed),5,0.7152
UCEC,LASSO (RF-fixed),6,0.5645
UCEC,LASSO (RF-fixed),7,0.6704
UCEC,LASSO (RF-fixed),8,0.5008
UCEC,LASSO (RF-fixed),9,0.6227
UCEC,LASSO (RF-fixed),10,0.5296
UCEC,LASSO (RF-fixed),11,0.6055
UCEC,LASSO (RF-fixed),12,0.7679
UCEC,LASSO (RF-fixed),13,0.6349
UCEC,LASSO (RF-fixed),14,0.5839
UCEC,LASSO (RF-fixed),15,0.7186
UCEC,LASSO (RF-fixed),16,0.6349
UCEC,LASSO (RF-fixed),17,0.6848
UCEC,LASSO (RF-fixed),18,0.6637
UCEC,LASSO (RF-fixed),19,0.6011
UCEC,LASSO (RF-fixed),20,0.5479
UCEC,LASSO (RF-fixed),21,0.6427
UCEC,LASSO (RF-fixed),22,0.5424
UCEC,LASSO (RF-fixed),23,0.6338
UCEC,LASSO (RF-fixed),24,0.585
UCEC,ElasticNet (RF-fixed),0,0.6416
UCEC,ElasticNet (RF-fixed),1,0.5612
UCEC,ElasticNet (RF-fixed),2,0.6643
UCEC,ElasticNet (RF-fixed),3,0.6992
UCEC,ElasticNet (RF-fixed),4,0.5756
UCEC,ElasticNet (RF-fixed),5,0.687
UCEC,ElasticNet (RF-fixed),6,0.5573
UCEC,ElasticNet (RF-fixed),7,0.6438
UCEC,ElasticNet (RF-fixed),8,0.4593
UCEC,ElasticNet (RF-fixed),9,0.651
UCEC,ElasticNet (RF-fixed),10,0.5091
UCEC,ElasticNet (RF-fixed),11,0.6199
UCEC,ElasticNet (RF-fixed),12,0.7684
UCEC,ElasticNet (RF-fixed),13,0.5679
UCEC,ElasticNet (RF-fixed),14,0.5684
UCEC,ElasticNet (RF-fixed),15,0.7119
UCEC,ElasticNet (RF-fixed),16,0.6687
UCEC,ElasticNet (RF-fixed),17,0.6704
UCEC,ElasticNet (RF-fixed),18,0.6981
UCEC,ElasticNet (RF-fixed),19,0.6
UCEC,ElasticNet (RF-fixed),20,0.6593
UCEC,ElasticNet (RF-fixed),21,0.6537
UCEC,ElasticNet (RF-fixed),22,0.549
UCEC,ElasticNet (RF-fixed),23,0.6271
UCEC,ElasticNet (RF-fixed),24,0.6371
UCEC,RF_Importance (RF-fixed),0,0.646
UCEC,RF_Importance (RF-fixed),1,0.5291
UCEC,RF_Importance (RF-fixed),2,0.7202
UCEC,RF_Importance (RF-fixed),3,0.5751
UCEC,RF_Importance (RF-fixed),4,0.5983
UCEC,RF_Importance (RF-fixed),5,0.7136
UCEC,RF_Importance (RF-fixed),6,0.5202
UCEC,RF_Importance (RF-fixed),7,0.6122
UCEC,RF_Importance (RF-fixed),8,0.5269
UCEC,RF_Importance (RF-fixed),9,0.6909
UCEC,RF_Importance (RF-fixed),10,0.4881
UCEC,RF_Importance (RF-fixed),11,0.631
UCEC,RF_Importance (RF-fixed),12,0.7474
UCEC,RF_Importance (RF-fixed),13,0.5147
UCEC,RF_Importance (RF-fixed),14,0.6454
UCEC,RF_Importance (RF-fixed),15,0.6936
UCEC,RF_Importance (RF-fixed),16,0.6166
UCEC,RF_Importance (RF-fixed),17,0.6654
UCEC,RF_Importance (RF-fixed),18,0.5363
UCEC,RF_Importance (RF-fixed),19,0.5922
UCEC,RF_Importance (RF-fixed),20,0.5934
UCEC,RF_Importance (RF-fixed),21,0.5978
UCEC,RF_Importance (RF-fixed),22,0.4981
UCEC,RF_Importance (RF-fixed),23,0.7114
UCEC,RF_Importance (RF-fixed),24,0.6194
UCEC,RF (native),0,0.656
UCEC,RF (native),1,0.5069
UCEC,RF (native),2,0.6992
UCEC,RF (native),3,0.6427
UCEC,RF (native),4,0.6471
UCEC,RF (native),5,0.6709
UCEC,RF (native),6,0.6776
UCEC,RF (native),7,0.6665
UCEC,RF (native),8,0.5097
UCEC,RF (native),9,0.6737
UCEC,RF (native),10,0.5008
UCEC,RF (native),11,0.6731
UCEC,RF (native),12,0.7618
UCEC,RF (native),13,0.6072
UCEC,RF (native),14,0.6421
UCEC,RF (native),15,0.6753
UCEC,RF (native),16,0.6643
UCEC,RF (native),17,0.5934
UCEC,RF (native),18,0.6637
UCEC,RF (native),19,0.5989
UCEC,RF (native),20,0.6205
UCEC,RF (native),21,0.5989
UCEC,RF (native),22,0.528
UCEC,RF (native),23,0.7307
UCEC,RF (native),24,0.6992
BLCA,BPF (RF-fixed),0,0.682
BLCA,BPF (RF-fixed),1,0.6814
BLCA,BPF (RF-fixed),2,0.6383
BLCA,BPF (RF-fixed),3,0.6859
BLCA,BPF (RF-fixed),4,0.6722
BLCA,BPF (RF-fixed),5,0.7111
BLCA,BPF (RF-fixed),6,0.6282
BLCA,BPF (RF-fixed),7,0.701
BLCA,BPF (RF-fixed),8,0.7328
BLCA,BPF (RF-fixed),9,0.674
BLCA,BPF (RF-fixed),10,0.6915
BLCA,BPF (RF-fixed),11,0.7744
BLCA,BPF (RF-fixed),12,0.6646
BLCA,BPF (RF-fixed),13,0.7185
BLCA,BPF (RF-fixed),14,0.6279
BLCA,BPF (RF-fixed),15,0.6299
BLCA,BPF (RF-fixed),16,0.6473
BLCA,BPF (RF-fixed),17,0.7867
BLCA,BPF (RF-fixed),18,0.6573
BLCA,BPF (RF-fixed),19,0.6371
BLCA,BPF (RF-fixed),20,0.7654
BLCA,BPF (RF-fixed),21,0.6389
BLCA,BPF (RF-fixed),22,0.6153
BLCA,BPF (RF-fixed),23,0.7346
BLCA,BPF (RF-fixed),24,0.6567
BLCA,LASSO (RF-fixed),0,0.7413
BLCA,LASSO (RF-fixed),1,0.6635
BLCA,LASSO (RF-fixed),2,0.654
BLCA,LASSO (RF-fixed),3,0.6104
BLCA,LASSO (RF-fixed),4,0.6717
BLCA,LASSO (RF-fixed),5,0.7206
BLCA,LASSO (RF-fixed),6,0.5666
BLCA,LASSO (RF-fixed),7,0.5935
BLCA,LASSO (RF-fixed),8,0.7111
BLCA,LASSO (RF-fixed),9,0.5963
BLCA,LASSO (RF-fixed),10,0.6456
BLCA,LASSO (RF-fixed),11,0.7016
BLCA,LASSO (RF-fixed),12,0.5745
BLCA,LASSO (RF-fixed),13,0.6207
BLCA,LASSO (RF-fixed),14,0.6446
BLCA,LASSO (RF-fixed),15,0.6405
BLCA,LASSO (RF-fixed),16,0.6999
BLCA,LASSO (RF-fixed),17,0.6512
BLCA,LASSO (RF-fixed),18,0.627
BLCA,LASSO (RF-fixed),19,0.5267
BLCA,LASSO (RF-fixed),20,0.7296
BLCA,LASSO (RF-fixed),21,0.617
BLCA,LASSO (RF-fixed),22,0.6103
BLCA,LASSO (RF-fixed),23,0.6693
BLCA,LASSO (RF-fixed),24,0.6164
BLCA,ElasticNet (RF-fixed),0,0.7083
BLCA,ElasticNet (RF-fixed),1,0.6349
BLCA,ElasticNet (RF-fixed),2,0.6501
BLCA,ElasticNet (RF-fixed),3,0.5641
BLCA,ElasticNet (RF-fixed),4,0.6647
BLCA,ElasticNet (RF-fixed),5,0.6657
BLCA,ElasticNet (RF-fixed),6,0.5498
BLCA,ElasticNet (RF-fixed),7,0.6557
BLCA,ElasticNet (RF-fixed),8,0.6796
BLCA,ElasticNet (RF-fixed),9,0.659
BLCA,ElasticNet (RF-fixed),10,0.6601
BLCA,ElasticNet (RF-fixed),11,0.6719
BLCA,ElasticNet (RF-fixed),12,0.6445
BLCA,ElasticNet (RF-fixed),13,0.5841
BLCA,ElasticNet (RF-fixed),14,0.5837
BLCA,ElasticNet (RF-fixed),15,0.687
BLCA,ElasticNet (RF-fixed),16,0.6898
BLCA,ElasticNet (RF-fixed),17,0.6506
BLCA,ElasticNet (RF-fixed),18,0.635
BLCA,ElasticNet (RF-fixed),19,0.5572
BLCA,ElasticNet (RF-fixed),20,0.757
BLCA,ElasticNet (RF-fixed),21,0.5823
BLCA,ElasticNet (RF-fixed),22,0.6137
BLCA,ElasticNet (RF-fixed),23,0.6979
BLCA,ElasticNet (RF-fixed),24,0.5998
BLCA,RF_Importance (RF-fixed),0,0.724
BLCA,RF_Importance (RF-fixed),1,0.6562
BLCA,RF_Importance (RF-fixed),2,0.6915
BLCA,RF_Importance (RF-fixed),3,0.7002
BLCA,RF_Importance (RF-fixed),4,0.6786
BLCA,RF_Importance (RF-fixed),5,0.7329
BLCA,RF_Importance (RF-fixed),6,0.5963
BLCA,RF_Importance (RF-fixed),7,0.6781
BLCA,RF_Importance (RF-fixed),8,0.734
BLCA,RF_Importance (RF-fixed),9,0.6297
BLCA,RF_Importance (RF-fixed),10,0.6568
BLCA,RF_Importance (RF-fixed),11,0.7363
BLCA,RF_Importance (RF-fixed),12,0.696
BLCA,RF_Importance (RF-fixed),13,0.6968
BLCA,RF_Importance (RF-fixed),14,0.6136
BLCA,RF_Importance (RF-fixed),15,0.7049
BLCA,RF_Importance (RF-fixed),16,0.6904
BLCA,RF_Importance (RF-fixed),17,0.7945
BLCA,RF_Importance (RF-fixed),18,0.6911
BLCA,RF_Importance (RF-fixed),19,0.6527
BLCA,RF_Importance (RF-fixed),20,0.7828
BLCA,RF_Importance (RF-fixed),21,0.626
BLCA,RF_Importance (RF-fixed),22,0.575
BLCA,RF_Importance (RF-fixed),23,0.7408
BLCA,RF_Importance (RF-fixed),24,0.678
BLCA,RF (native),0,0.738
BLCA,RF (native),1,0.6898
BLCA,RF (native),2,0.6607
BLCA,RF (native),3,0.6705
BLCA,RF (native),4,0.705
BLCA,RF (native),5,0.7335
BLCA,RF (native),6,0.6327
BLCA,RF (native),7,0.6697
BLCA,RF (native),8,0.7677
BLCA,RF (native),9,0.6452
BLCA,RF (native),10,0.6697
BLCA,RF (native),11,0.72
BLCA,RF (native),12,0.6663
BLCA,RF (native),13,0.7128
BLCA,RF (native),14,0.6475
BLCA,RF (native),15,0.7094
BLCA,RF (native),16,0.6786
BLCA,RF (native),17,0.7788
BLCA,RF (native),18,0.6705
BLCA,RF (native),19,0.6038
BLCA,RF (native),20,0.7861
BLCA,RF (native),21,0.6725
BLCA,RF (native),22,0.6142
BLCA,RF (native),23,0.7666
BLCA,RF (native),24,0.6935
SARC,BPF (RF-fixed),0,0.547
SARC,BPF (RF-fixed),1,0.4909
SARC,BPF (RF-fixed),2,0.5758
SARC,BPF (RF-fixed),3,0.575
SARC,BPF (RF-fixed),4,0.5453
SARC,BPF (RF-fixed),5,0.603
SARC,BPF (RF-fixed),6,0.5833
SARC,BPF (RF-fixed),7,0.4418
SARC,BPF (RF-fixed),8,0.5812
SARC,BPF (RF-fixed),9,0.6766
SARC,BPF (RF-fixed),10,0.597
SARC,BPF (RF-fixed),11,0.5606
SARC,BPF (RF-fixed),12,0.5853
SARC,BPF (RF-fixed),13,0.575
SARC,BPF (RF-fixed),14,0.4875
SARC,BPF (RF-fixed),15,0.6348
SARC,BPF (RF-fixed),16,0.6106
SARC,BPF (RF-fixed),17,0.6699
SARC,BPF (RF-fixed),18,0.4953
SARC,BPF (RF-fixed),19,0.5609
SARC,BPF (RF-fixed),20,0.6
SARC,BPF (RF-fixed),21,0.6197
SARC,BPF (RF-fixed),22,0.5598
SARC,BPF (RF-fixed),23,0.6016
SARC,BPF (RF-fixed),24,0.525
SARC,LASSO (RF-fixed),0,0.4803
SARC,LASSO (RF-fixed),1,0.4924
SARC,LASSO (RF-fixed),2,0.4689
SARC,LASSO (RF-fixed),3,0.5844
SARC,LASSO (RF-fixed),4,0.5922
SARC,LASSO (RF-fixed),5,0.6121
SARC,LASSO (RF-fixed),6,0.5924
SARC,LASSO (RF-fixed),7,0.5183
SARC,LASSO (RF-fixed),8,0.4797
SARC,LASSO (RF-fixed),9,0.6953
SARC,LASSO (RF-fixed),10,0.3894
SARC,LASSO (RF-fixed),11,0.4727
SARC,LASSO (RF-fixed),12,0.4864
SARC,LASSO (RF-fixed),13,0.525
SARC,LASSO (RF-fixed),14,0.5047
SARC,LASSO (RF-fixed),15,0.5318
SARC,LASSO (RF-fixed),16,0.5712
SARC,LASSO (RF-fixed),17,0.6683
SARC,LASSO (RF-fixed),18,0.4953
SARC,LASSO (RF-fixed),19,0.5234
SARC,LASSO (RF-fixed),20,0.4985
SARC,LASSO (RF-fixed),21,0.5439
SARC,LASSO (RF-fixed),22,0.5981
SARC,LASSO (RF-fixed),23,0.4594
SARC,LASSO (RF-fixed),24,0.4359
SARC,ElasticNet (RF-fixed),0,0.4985
SARC,ElasticNet (RF-fixed),1,0.5348
SARC,ElasticNet (RF-fixed),2,0.488
SARC,ElasticNet (RF-fixed),3,0.5875
SARC,ElasticNet (RF-fixed),4,0.5625
SARC,ElasticNet (RF-fixed),5,0.597
SARC,ElasticNet (RF-fixed),6,0.4939
SARC,ElasticNet (RF-fixed),7,0.5407
SARC,ElasticNet (RF-fixed),8,0.5141
SARC,ElasticNet (RF-fixed),9,0.6484
SARC,ElasticNet (RF-fixed),10,0.3182
SARC,ElasticNet (RF-fixed),11,0.4591
SARC,ElasticNet (RF-fixed),12,0.5088
SARC,ElasticNet (RF-fixed),13,0.4719
SARC,ElasticNet (RF-fixed),14,0.5797
SARC,ElasticNet (RF-fixed),15,0.5667
SARC,ElasticNet (RF-fixed),16,0.5742
SARC,ElasticNet (RF-fixed),17,0.5614
SARC,ElasticNet (RF-fixed),18,0.5203
SARC,ElasticNet (RF-fixed),19,0.4609
SARC,ElasticNet (RF-fixed),20,0.503
SARC,ElasticNet (RF-fixed),21,0.5273
SARC,ElasticNet (RF-fixed),22,0.6061
SARC,ElasticNet (RF-fixed),23,0.5422
SARC,ElasticNet (RF-fixed),24,0.4391
SARC,RF_Importance (RF-fixed),0,0.5697
SARC,RF_Importance (RF-fixed),1,0.547
SARC,RF_Importance (RF-fixed),2,0.5789
SARC,RF_Importance (RF-fixed),3,0.6375
SARC,RF_Importance (RF-fixed),4,0.6031
SARC,RF_Importance (RF-fixed),5,0.5333
SARC,RF_Importance (RF-fixed),6,0.5121
SARC,RF_Importance (RF-fixed),7,0.4785
SARC,RF_Importance (RF-fixed),8,0.6172
SARC,RF_Importance (RF-fixed),9,0.6828
SARC,RF_Importance (RF-fixed),10,0.647
SARC,RF_Importance (RF-fixed),11,0.4106
SARC,RF_Importance (RF-fixed),12,0.5311
SARC,RF_Importance (RF-fixed),13,0.5938
SARC,RF_Importance (RF-fixed),14,0.4922
SARC,RF_Importance (RF-fixed),15,0.547
SARC,RF_Importance (RF-fixed),16,0.6091
SARC,RF_Importance (RF-fixed),17,0.6459
SARC,RF_Importance (RF-fixed),18,0.4469
SARC,RF_Importance (RF-fixed),19,0.5203
SARC,RF_Importance (RF-fixed),20,0.6015
SARC,RF_Importance (RF-fixed),21,0.5909
SARC,RF_Importance (RF-fixed),22,0.5598
SARC,RF_Importance (RF-fixed),23,0.5516
SARC,RF_Importance (RF-fixed),24,0.4609
SARC,RF (native),0,0.6061
SARC,RF (native),1,0.5333
SARC,RF (native),2,0.6635
SARC,RF (native),3,0.5266
SARC,RF (native),4,0.6219
SARC,RF (native),5,0.5606
SARC,RF (native),6,0.5379
SARC,RF (native),7,0.4737
SARC,RF (native),8,0.6016
SARC,RF (native),9,0.6438
SARC,RF (native),10,0.5758
SARC,RF (native),11,0.4682
SARC,RF (native),12,0.5263
SARC,RF (native),13,0.5219
SARC,RF (native),14,0.4703
SARC,RF (native),15,0.6409
SARC,RF (native),16,0.7152
SARC,RF (native),17,0.6507
SARC,RF (native),18,0.5203
SARC,RF (native),19,0.5469
SARC,RF (native),20,0.6561
SARC,RF (native),21,0.7167
SARC,RF (native),22,0.5726
SARC,RF (native),23,0.5859
SARC,RF (native),24,0.5609
KIRP,BPF (RF-fixed),0,0.7019
KIRP,BPF (RF-fixed),1,0.6722
KIRP,BPF (RF-fixed),2,0.7111
KIRP,BPF (RF-fixed),3,0.7148
KIRP,BPF (RF-fixed),4,0.8422
KIRP,BPF (RF-fixed),5,0.8407
KIRP,BPF (RF-fixed),6,0.7241
KIRP,BPF (RF-fixed),7,0.6611
KIRP,BPF (RF-fixed),8,0.713
KIRP,BPF (RF-fixed),9,0.681
KIRP,BPF (RF-fixed),10,0.8444
KIRP,BPF (RF-fixed),11,0.6537
KIRP,BPF (RF-fixed),12,0.7111
KIRP,BPF (RF-fixed),13,0.6667
KIRP,BPF (RF-fixed),14,0.6964
KIRP,BPF (RF-fixed),15,0.7019
KIRP,BPF (RF-fixed),16,0.6352
KIRP,BPF (RF-fixed),17,0.6259
KIRP,BPF (RF-fixed),18,0.8185
KIRP,BPF (RF-fixed),19,0.6792
KIRP,BPF (RF-fixed),20,0.6352
KIRP,BPF (RF-fixed),21,0.7463
KIRP,BPF (RF-fixed),22,0.7722
KIRP,BPF (RF-fixed),23,0.7889
KIRP,BPF (RF-fixed),24,0.5712
KIRP,LASSO (RF-fixed),0,0.6963
KIRP,LASSO (RF-fixed),1,0.6556
KIRP,LASSO (RF-fixed),2,0.6222
KIRP,LASSO (RF-fixed),3,0.687
KIRP,LASSO (RF-fixed),4,0.8182
KIRP,LASSO (RF-fixed),5,0.6833
KIRP,LASSO (RF-fixed),6,0.5778
KIRP,LASSO (RF-fixed),7,0.5944
KIRP,LASSO (RF-fixed),8,0.75
KIRP,LASSO (RF-fixed),9,0.6295
KIRP,LASSO (RF-fixed),10,0.8833
KIRP,LASSO (RF-fixed),11,0.5889
KIRP,LASSO (RF-fixed),12,0.5778
KIRP,LASSO (RF-fixed),13,0.5407
KIRP,LASSO (RF-fixed),14,0.7015
KIRP,LASSO (RF-fixed),15,0.7722
KIRP,LASSO (RF-fixed),16,0.6019
KIRP,LASSO (RF-fixed),17,0.5537
KIRP,LASSO (RF-fixed),18,0.6907
KIRP,LASSO (RF-fixed),19,0.669
KIRP,LASSO (RF-fixed),20,0.6611
KIRP,LASSO (RF-fixed),21,0.7278
KIRP,LASSO (RF-fixed),22,0.737
KIRP,LASSO (RF-fixed),23,0.7444
KIRP,LASSO (RF-fixed),24,0.6072
KIRP,ElasticNet (RF-fixed),0,0.6037
KIRP,ElasticNet (RF-fixed),1,0.65
KIRP,ElasticNet (RF-fixed),2,0.6667
KIRP,ElasticNet (RF-fixed),3,0.7278
KIRP,ElasticNet (RF-fixed),4,0.7822
KIRP,ElasticNet (RF-fixed),5,0.7963
KIRP,ElasticNet (RF-fixed),6,0.6056
KIRP,ElasticNet (RF-fixed),7,0.6519
KIRP,ElasticNet (RF-fixed),8,0.7444
KIRP,ElasticNet (RF-fixed),9,0.6552
KIRP,ElasticNet (RF-fixed),10,0.8685
KIRP,ElasticNet (RF-fixed),11,0.6296
KIRP,ElasticNet (RF-fixed),12,0.6296
KIRP,ElasticNet (RF-fixed),13,0.5056
KIRP,ElasticNet (RF-fixed),14,0.7273
KIRP,ElasticNet (RF-fixed),15,0.7537
KIRP,ElasticNet (RF-fixed),16,0.6352
KIRP,ElasticNet (RF-fixed),17,0.5944
KIRP,ElasticNet (RF-fixed),18,0.7352
KIRP,ElasticNet (RF-fixed),19,0.6192
KIRP,ElasticNet (RF-fixed),20,0.6963
KIRP,ElasticNet (RF-fixed),21,0.7111
KIRP,ElasticNet (RF-fixed),22,0.713
KIRP,ElasticNet (RF-fixed),23,0.7889
KIRP,ElasticNet (RF-fixed),24,0.5506
KIRP,RF_Importance (RF-fixed),0,0.7278
KIRP,RF_Importance (RF-fixed),1,0.7315
KIRP,RF_Importance (RF-fixed),2,0.637
KIRP,RF_Importance (RF-fixed),3,0.6333
KIRP,RF_Importance (RF-fixed),4,0.7633
KIRP,RF_Importance (RF-fixed),5,0.8056
KIRP,RF_Importance (RF-fixed),6,0.8093
KIRP,RF_Importance (RF-fixed),7,0.6204
KIRP,RF_Importance (RF-fixed),8,0.7685
KIRP,RF_Importance (RF-fixed),9,0.6467
KIRP,RF_Importance (RF-fixed),10,0.8167
KIRP,RF_Importance (RF-fixed),11,0.5944
KIRP,RF_Importance (RF-fixed),12,0.6648
KIRP,RF_Importance (RF-fixed),13,0.6167
KIRP,RF_Importance (RF-fixed),14,0.6175
KIRP,RF_Importance (RF-fixed),15,0.6759
KIRP,RF_Importance (RF-fixed),16,0.6352
KIRP,RF_Importance (RF-fixed),17,0.6056
KIRP,RF_Importance (RF-fixed),18,0.7593
KIRP,RF_Importance (RF-fixed),19,0.6295
KIRP,RF_Importance (RF-fixed),20,0.6741
KIRP,RF_Importance (RF-fixed),21,0.6685
KIRP,RF_Importance (RF-fixed),22,0.7796
KIRP,RF_Importance (RF-fixed),23,0.7944
KIRP,RF_Importance (RF-fixed),24,0.6055
KIRP,RF (native),0,0.7593
KIRP,RF (native),1,0.7352
KIRP,RF (native),2,0.6463
KIRP,RF (native),3,0.6704
KIRP,RF (native),4,0.7856
KIRP,RF (native),5,0.8981
KIRP,RF (native),6,0.7426
KIRP,RF (native),7,0.6815
KIRP,RF (native),8,0.6574
KIRP,RF (native),9,0.6587
KIRP,RF (native),10,0.8241
KIRP,RF (native),11,0.6167
KIRP,RF (native),12,0.6333
KIRP,RF (native),13,0.5907
KIRP,RF (native),14,0.7256
KIRP,RF (native),15,0.7185
KIRP,RF (native),16,0.6481
KIRP,RF (native),17,0.6796
KIRP,RF (native),18,0.8185
KIRP,RF (native),19,0.6038
KIRP,RF (native),20,0.6926
KIRP,RF (native),21,0.7167
KIRP,RF (native),22,0.6611
KIRP,RF (native),23,0.7241
KIRP,RF (native),24,0.5986
LUAD,BPF (RF-fixed),0,0.6473
LUAD,BPF (RF-fixed),1,0.6354
LUAD,BPF (RF-fixed),2,0.6164
LUAD,BPF (RF-fixed),3,0.5541
LUAD,BPF (RF-fixed),4,0.532
LUAD,BPF (RF-fixed),5,0.6814
LUAD,BPF (RF-fixed),6,0.6761
LUAD,BPF (RF-fixed),7,0.5587
LUAD,BPF (RF-fixed),8,0.5773
LUAD,BPF (RF-fixed),9,0.5835
LUAD,BPF (RF-fixed),10,0.5999
LUAD,BPF (RF-fixed),11,0.6053
LUAD,BPF (RF-fixed),12,0.5607
LUAD,BPF (RF-fixed),13,0.6067
LUAD,BPF (RF-fixed),14,0.6083
LUAD,BPF (RF-fixed),15,0.6725
LUAD,BPF (RF-fixed),16,0.5946
LUAD,BPF (RF-fixed),17,0.6732
LUAD,BPF (RF-fixed),18,0.5313
LUAD,BPF (RF-fixed),19,0.5959
LUAD,BPF (RF-fixed),20,0.4849
LUAD,BPF (RF-fixed),21,0.5486
LUAD,BPF (RF-fixed),22,0.6445
LUAD,BPF (RF-fixed),23,0.6963
LUAD,BPF (RF-fixed),24,0.5868
LUAD,LASSO (RF-fixed),0,0.6445
LUAD,LASSO (RF-fixed),1,0.5744
LUAD,LASSO (RF-fixed),2,0.605
LUAD,LASSO (RF-fixed),3,0.5404
LUAD,LASSO (RF-fixed),4,0.5042
LUAD,LASSO (RF-fixed),5,0.6158
LUAD,LASSO (RF-fixed),6,0.5414
LUAD,LASSO (RF-fixed),7,0.5147
LUAD,LASSO (RF-fixed),8,0.532
LUAD,LASSO (RF-fixed),9,0.5744
LUAD,LASSO (RF-fixed),10,0.6234
LUAD,LASSO (RF-fixed),11,0.6005
LUAD,LASSO (RF-fixed),12,0.5763
LUAD,LASSO (RF-fixed),13,0.6138
LUAD,LASSO (RF-fixed),14,0.6386
LUAD,LASSO (RF-fixed),15,0.6104
LUAD,LASSO (RF-fixed),16,0.5789
LUAD,LASSO (RF-fixed),17,0.6504
LUAD,LASSO (RF-fixed),18,0.578
LUAD,LASSO (RF-fixed),19,0.605
LUAD,LASSO (RF-fixed),20,0.634
LUAD,LASSO (RF-fixed),21,0.4958
LUAD,LASSO (RF-fixed),22,0.5864
LUAD,LASSO (RF-fixed),23,0.606
LUAD,LASSO (RF-fixed),24,0.5682
LUAD,ElasticNet (RF-fixed),0,0.5645
LUAD,ElasticNet (RF-fixed),1,0.5864
LUAD,ElasticNet (RF-fixed),2,0.5532
LUAD,ElasticNet (RF-fixed),3,0.5431
LUAD,ElasticNet (RF-fixed),4,0.5059
LUAD,ElasticNet (RF-fixed),5,0.6273
LUAD,ElasticNet (RF-fixed),6,0.6119
LUAD,ElasticNet (RF-fixed),7,0.5117
LUAD,ElasticNet (RF-fixed),8,0.5196
LUAD,ElasticNet (RF-fixed),9,0.6076
LUAD,ElasticNet (RF-fixed),10,0.6196
LUAD,ElasticNet (RF-fixed),11,0.5858
LUAD,ElasticNet (RF-fixed),12,0.5858
LUAD,ElasticNet (RF-fixed),13,0.665
LUAD,ElasticNet (RF-fixed),14,0.6588
LUAD,ElasticNet (RF-fixed),15,0.6263
LUAD,ElasticNet (RF-fixed),16,0.532
LUAD,ElasticNet (RF-fixed),17,0.6575
LUAD,ElasticNet (RF-fixed),18,0.5874
LUAD,ElasticNet (RF-fixed),19,0.5515
LUAD,ElasticNet (RF-fixed),20,0.5932
LUAD,ElasticNet (RF-fixed),21,0.4971
LUAD,ElasticNet (RF-fixed),22,0.5936
LUAD,ElasticNet (RF-fixed),23,0.6908
LUAD,ElasticNet (RF-fixed),24,0.561
LUAD,RF_Importance (RF-fixed),0,0.6403
LUAD,RF_Importance (RF-fixed),1,0.6252
LUAD,RF_Importance (RF-fixed),2,0.6298
LUAD,RF_Importance (RF-fixed),3,0.5538
LUAD,RF_Importance (RF-fixed),4,0.5643
LUAD,RF_Importance (RF-fixed),5,0.6617
LUAD,RF_Importance (RF-fixed),6,0.5965
LUAD,RF_Importance (RF-fixed),7,0.6014
LUAD,RF_Importance (RF-fixed),8,0.5806
LUAD,RF_Importance (RF-fixed),9,0.5747
LUAD,RF_Importance (RF-fixed),10,0.6311
LUAD,RF_Importance (RF-fixed),11,0.5959
LUAD,RF_Importance (RF-fixed),12,0.5662
LUAD,RF_Importance (RF-fixed),13,0.5705
LUAD,RF_Importance (RF-fixed),14,0.6373
LUAD,RF_Importance (RF-fixed),15,0.6716
LUAD,RF_Importance (RF-fixed),16,0.6321
LUAD,RF_Importance (RF-fixed),17,0.5806
LUAD,RF_Importance (RF-fixed),18,0.5985
LUAD,RF_Importance (RF-fixed),19,0.6194
LUAD,RF_Importance (RF-fixed),20,0.5148
LUAD,RF_Importance (RF-fixed),21,0.502
LUAD,RF_Importance (RF-fixed),22,0.6341
LUAD,RF_Importance (RF-fixed),23,0.6213
LUAD,RF_Importance (RF-fixed),24,0.5858
LUAD,RF (native),0,0.6454
LUAD,RF (native),1,0.6308
LUAD,RF (native),2,0.6305
LUAD,RF (native),3,0.5802
LUAD,RF (native),4,0.5995
LUAD,RF (native),5,0.6684
LUAD,RF (native),6,0.6321
LUAD,RF (native),7,0.6262
LUAD,RF (native),8,0.591
LUAD,RF (native),9,0.6119
LUAD,RF (native),10,0.6136
LUAD,RF (native),11,0.6034
LUAD,RF (native),12,0.6445
LUAD,RF (native),13,0.6347
LUAD,RF (native),14,0.6771
LUAD,RF (native),15,0.6706
LUAD,RF (native),16,0.6448
LUAD,RF (native),17,0.6223
LUAD,RF (native),18,0.5822
LUAD,RF (native),19,0.5978
LUAD,RF (native),20,0.5126
LUAD,RF (native),21,0.5551
LUAD,RF (native),22,0.651
LUAD,RF (native),23,0.6631
LUAD,RF (native),24,0.6115
